{
"meta":{"test_sets":[],"test_metrics":[],"learn_metrics":[{"best_value":"Min","name":"RMSE"}],"launch_mode":"Train","parameters":"","iteration_count":300,"learn_sets":["learn"],"name":"experiment"},
"iterations":[
{"learn":[21.6769348],"iteration":0,"passed_time":0.005446614731,"remaining_time":1.628537804},
{"learn":[21.43900584],"iteration":1,"passed_time":0.01131607229,"remaining_time":1.686094771},
{"learn":[21.2058145],"iteration":2,"passed_time":0.01739205418,"remaining_time":1.721813364},
{"learn":[20.96726922],"iteration":3,"passed_time":0.02290436634,"remaining_time":1.694923109},
{"learn":[20.75901367],"iteration":4,"passed_time":0.02964158508,"remaining_time":1.74885352},
{"learn":[20.55885557],"iteration":5,"passed_time":0.0347805658,"remaining_time":1.704247724},
{"learn":[20.36306659],"iteration":6,"passed_time":0.04053864861,"remaining_time":1.696832006},
{"learn":[20.15800415],"iteration":7,"passed_time":0.04762981657,"remaining_time":1.738488305},
{"learn":[19.9511624],"iteration":8,"passed_time":0.0528528397,"remaining_time":1.708908484},
{"learn":[19.77364504],"iteration":9,"passed_time":0.05845992501,"remaining_time":1.695337825},
{"learn":[19.59002791],"iteration":10,"passed_time":0.06418212276,"remaining_time":1.686239407},
{"learn":[19.40610489],"iteration":11,"passed_time":0.07066246509,"remaining_time":1.695899162},
{"learn":[19.22432711],"iteration":12,"passed_time":0.07712583511,"remaining_time":1.702701129},
{"learn":[19.07521657],"iteration":13,"passed_time":0.08232313854,"remaining_time":1.681744116},
{"learn":[18.92286299],"iteration":14,"passed_time":0.08811267642,"remaining_time":1.674140852},
{"learn":[18.75552179],"iteration":15,"passed_time":0.09508984933,"remaining_time":1.687844826},
{"learn":[18.59718854],"iteration":16,"passed_time":0.1005733811,"remaining_time":1.674250991},
{"learn":[18.44698564],"iteration":17,"passed_time":0.1066668969,"remaining_time":1.671114718},
{"learn":[18.28411895],"iteration":18,"passed_time":0.1132129519,"remaining_time":1.674359973},
{"learn":[18.12847323],"iteration":19,"passed_time":0.1179695036,"remaining_time":1.651573051},
{"learn":[17.97804254],"iteration":20,"passed_time":0.1234267398,"remaining_time":1.639812401},
{"learn":[17.82787455],"iteration":21,"passed_time":0.1295870041,"remaining_time":1.637508507},
{"learn":[17.68138835],"iteration":22,"passed_time":0.1342227724,"remaining_time":1.616509042},
{"learn":[17.50791171],"iteration":23,"passed_time":0.1401366902,"remaining_time":1.611571937},
{"learn":[17.35968702],"iteration":24,"passed_time":0.146104212,"remaining_time":1.607146332},
{"learn":[17.23334894],"iteration":25,"passed_time":0.1513580146,"remaining_time":1.595080616},
{"learn":[17.08696195],"iteration":26,"passed_time":0.1568271639,"remaining_time":1.585696879},
{"learn":[16.96233932],"iteration":27,"passed_time":0.1618729144,"remaining_time":1.57247974},
{"learn":[16.83776185],"iteration":28,"passed_time":0.1672890006,"remaining_time":1.563286868},
{"learn":[16.75429205],"iteration":29,"passed_time":0.1725184562,"remaining_time":1.552666106},
{"learn":[16.6231311],"iteration":30,"passed_time":0.1783843917,"remaining_time":1.547916173},
{"learn":[16.492042],"iteration":31,"passed_time":0.1837439787,"remaining_time":1.538855822},
{"learn":[16.36499997],"iteration":32,"passed_time":0.1905606615,"remaining_time":1.541808989},
{"learn":[16.23646802],"iteration":33,"passed_time":0.1956916267,"remaining_time":1.530999197},
{"learn":[16.11749262],"iteration":34,"passed_time":0.2037112837,"remaining_time":1.542385434},
{"learn":[16.00310054],"iteration":35,"passed_time":0.2095081457,"remaining_time":1.536393069},
{"learn":[15.88827794],"iteration":36,"passed_time":0.2151989628,"remaining_time":1.529657493},
{"learn":[15.78522575],"iteration":37,"passed_time":0.2202282917,"remaining_time":1.518416116},
{"learn":[15.67205396],"iteration":38,"passed_time":0.2255939757,"remaining_time":1.509744299},
{"learn":[15.58607051],"iteration":39,"passed_time":0.23136367,"remaining_time":1.503863855},
{"learn":[15.48360176],"iteration":40,"passed_time":0.2364253514,"remaining_time":1.493516244},
{"learn":[15.37553526],"iteration":41,"passed_time":0.2422078657,"remaining_time":1.487848318},
{"learn":[15.27537911],"iteration":42,"passed_time":0.2475415927,"remaining_time":1.479492775},
{"learn":[15.17570372],"iteration":43,"passed_time":0.2527096396,"remaining_time":1.470310631},
{"learn":[15.07432905],"iteration":44,"passed_time":0.2578102963,"remaining_time":1.460925012},
{"learn":[14.98543516],"iteration":45,"passed_time":0.2634223312,"remaining_time":1.454549394},
{"learn":[14.89633371],"iteration":46,"passed_time":0.2683352551,"remaining_time":1.444442969},
{"learn":[14.80131091],"iteration":47,"passed_time":0.2735202547,"remaining_time":1.435981337},
{"learn":[14.72169174],"iteration":48,"passed_time":0.278962241,"remaining_time":1.428969847},
{"learn":[14.62564776],"iteration":49,"passed_time":0.2846890076,"remaining_time":1.423445038},
{"learn":[14.55115429],"iteration":50,"passed_time":0.2894499277,"remaining_time":1.413196706},
{"learn":[14.46596731],"iteration":51,"passed_time":0.2953829782,"remaining_time":1.408749588},
{"learn":[14.37931457],"iteration":52,"passed_time":0.3004393893,"remaining_time":1.400160928},
{"learn":[14.30392436],"iteration":53,"passed_time":0.3055212945,"remaining_time":1.391819231},
{"learn":[14.22021279],"iteration":54,"passed_time":0.3110049413,"remaining_time":1.385385648},
{"learn":[14.14521596],"iteration":55,"passed_time":0.3168753555,"remaining_time":1.380671192},
{"learn":[14.08102559],"iteration":56,"passed_time":0.3222555824,"remaining_time":1.37382643},
{"learn":[13.99950662],"iteration":57,"passed_time":0.3280286837,"remaining_time":1.368671405},
{"learn":[13.94638782],"iteration":58,"passed_time":0.3336868926,"remaining_time":1.363026121},
{"learn":[13.8662246],"iteration":59,"passed_time":0.3392436058,"remaining_time":1.356974423},
{"learn":[13.79923376],"iteration":60,"passed_time":0.3449015045,"remaining_time":1.351335403},
{"learn":[13.72785318],"iteration":61,"passed_time":0.350679585,"remaining_time":1.346157117},
{"learn":[13.6609146],"iteration":62,"passed_time":0.3557625776,"remaining_time":1.338344935},
{"learn":[13.60154099],"iteration":63,"passed_time":0.3617369626,"remaining_time":1.33390505},
{"learn":[13.5415398],"iteration":64,"passed_time":0.3672851599,"remaining_time":1.327877116},
{"learn":[13.47792133],"iteration":65,"passed_time":0.3733503146,"remaining_time":1.32369657},
{"learn":[13.4091542],"iteration":66,"passed_time":0.3805910726,"remaining_time":1.323548059},
{"learn":[13.35080642],"iteration":67,"passed_time":0.3870558754,"remaining_time":1.320543575},
{"learn":[13.28924607],"iteration":68,"passed_time":0.393028291,"remaining_time":1.315790365},
{"learn":[13.22914945],"iteration":69,"passed_time":0.3988721238,"remaining_time":1.310579835},
{"learn":[13.16652429],"iteration":70,"passed_time":0.4054562872,"remaining_time":1.307739293},
{"learn":[13.10647354],"iteration":71,"passed_time":0.4112491816,"remaining_time":1.302289075},
{"learn":[13.05161141],"iteration":72,"passed_time":0.4168009051,"remaining_time":1.296079527},
{"learn":[13.00872355],"iteration":73,"passed_time":0.4227881894,"remaining_time":1.291217984},
{"learn":[12.953506],"iteration":74,"passed_time":0.4279769015,"remaining_time":1.283930705},
{"learn":[12.90123224],"iteration":75,"passed_time":0.432531137,"remaining_time":1.274828614},
{"learn":[12.85898074],"iteration":76,"passed_time":0.437109274,"remaining_time":1.265913871},
{"learn":[12.80299889],"iteration":77,"passed_time":0.4421612365,"remaining_time":1.258458904},
{"learn":[12.74498824],"iteration":78,"passed_time":0.4476534098,"remaining_time":1.252296248},
{"learn":[12.68544917],"iteration":79,"passed_time":0.453678062,"remaining_time":1.24761467},
{"learn":[12.63615536],"iteration":80,"passed_time":0.4586341293,"remaining_time":1.240010794},
{"learn":[12.58302128],"iteration":81,"passed_time":0.464144293,"remaining_time":1.233944584},
{"learn":[12.53163221],"iteration":82,"passed_time":0.4703875018,"remaining_time":1.229808288},
{"learn":[12.48580969],"iteration":83,"passed_time":0.4762290502,"remaining_time":1.224588986},
{"learn":[12.44307498],"iteration":84,"passed_time":0.482696959,"remaining_time":1.220939367},
{"learn":[12.38945502],"iteration":85,"passed_time":0.4883525581,"remaining_time":1.215202877},
{"learn":[12.33967156],"iteration":86,"passed_time":0.4935833863,"remaining_time":1.208428291},
{"learn":[12.29128699],"iteration":87,"passed_time":0.4998167318,"remaining_time":1.204103945},
{"learn":[12.24800213],"iteration":88,"passed_time":0.505948657,"remaining_time":1.199496254},
{"learn":[12.21897393],"iteration":89,"passed_time":0.5105914732,"remaining_time":1.191380104},
{"learn":[12.18602671],"iteration":90,"passed_time":0.5166301025,"remaining_time":1.18654606},
{"learn":[12.1438248],"iteration":91,"passed_time":0.5226361845,"remaining_time":1.181612243},
{"learn":[12.10604174],"iteration":92,"passed_time":0.5281850716,"remaining_time":1.17563774},
{"learn":[12.06765765],"iteration":93,"passed_time":0.5342585139,"remaining_time":1.17082185},
{"learn":[12.02473758],"iteration":94,"passed_time":0.5400545786,"remaining_time":1.165380933},
{"learn":[11.98186676],"iteration":95,"passed_time":0.5462689527,"remaining_time":1.160821525},
{"learn":[11.94315531],"iteration":96,"passed_time":0.5515704575,"remaining_time":1.154317555},
{"learn":[11.90374648],"iteration":97,"passed_time":0.5565020876,"remaining_time":1.147075731},
{"learn":[11.87662888],"iteration":98,"passed_time":0.5614860993,"remaining_time":1.139986929},
{"learn":[11.84535728],"iteration":99,"passed_time":0.5673383283,"remaining_time":1.134676657},
{"learn":[11.81154851],"iteration":100,"passed_time":0.5723070801,"remaining_time":1.12761494},
{"learn":[11.77808598],"iteration":101,"passed_time":0.5775767629,"remaining_time":1.121178422},
{"learn":[11.73842189],"iteration":102,"passed_time":0.5831389515,"remaining_time":1.115324014},
{"learn":[11.71451379],"iteration":103,"passed_time":0.5874829159,"remaining_time":1.107179341},
{"learn":[11.68244372],"iteration":104,"passed_time":0.5931619254,"remaining_time":1.101586433},
{"learn":[11.65046544],"iteration":105,"passed_time":0.5997867226,"remaining_time":1.09772287},
{"learn":[11.62141535],"iteration":106,"passed_time":0.6057590981,"remaining_time":1.092630897},
{"learn":[11.58950382],"iteration":107,"passed_time":0.6115418829,"remaining_time":1.08718557},
{"learn":[11.55807524],"iteration":108,"passed_time":0.6174508616,"remaining_time":1.08195518},
{"learn":[11.52376393],"iteration":109,"passed_time":0.6234660556,"remaining_time":1.076895914},
{"learn":[11.49189827],"iteration":110,"passed_time":0.6291083441,"remaining_time":1.071184478},
{"learn":[11.46488785],"iteration":111,"passed_time":0.6349501678,"remaining_time":1.06580921},
{"learn":[11.43470726],"iteration":112,"passed_time":0.6416904735,"remaining_time":1.061912553},
{"learn":[11.40145355],"iteration":113,"passed_time":0.6472873591,"remaining_time":1.056100428},
{"learn":[11.37018572],"iteration":114,"passed_time":0.6553447895,"remaining_time":1.054250314},
{"learn":[11.34516737],"iteration":115,"passed_time":0.6609081403,"remaining_time":1.04833705},
{"learn":[11.31956811],"iteration":116,"passed_time":0.6662741397,"remaining_time":1.04212109},
{"learn":[11.29025195],"iteration":117,"passed_time":0.6715095868,"remaining_time":1.035718176},
{"learn":[11.25957204],"iteration":118,"passed_time":0.6771606772,"remaining_time":1.02996708},
{"learn":[11.23678585],"iteration":119,"passed_time":0.6826208987,"remaining_time":1.023931348},
{"learn":[11.21054432],"iteration":120,"passed_time":0.6881454044,"remaining_time":1.018000226},
{"learn":[11.18082106],"iteration":121,"passed_time":0.693270859,"remaining_time":1.011493548},
{"learn":[11.15759241],"iteration":122,"passed_time":0.6978788035,"remaining_time":1.00426462},
{"learn":[11.13406292],"iteration":123,"passed_time":0.7033897931,"remaining_time":0.9983597064},
{"learn":[11.11789322],"iteration":124,"passed_time":0.7081947584,"remaining_time":0.9914726618},
{"learn":[11.0948163],"iteration":125,"passed_time":0.7142466538,"remaining_time":0.9863406171},
{"learn":[11.07195759],"iteration":126,"passed_time":0.7201419011,"remaining_time":0.9809807},
{"learn":[11.04579561],"iteration":127,"passed_time":0.7259172163,"remaining_time":0.9754512594},
{"learn":[11.02380697],"iteration":128,"passed_time":0.7318424063,"remaining_time":0.9701166782},
{"learn":[10.99695788],"iteration":129,"passed_time":0.7380695398,"remaining_time":0.9651678598},
{"learn":[10.97710464],"iteration":130,"passed_time":0.7432312445,"remaining_time":0.9588250406},
{"learn":[10.95504882],"iteration":131,"passed_time":0.7490808083,"remaining_time":0.9533755743},
{"learn":[10.93649688],"iteration":132,"passed_time":0.7538275611,"remaining_time":0.9465353587},
{"learn":[10.91575334],"iteration":133,"passed_time":0.7589413732,"remaining_time":0.9401811041},
{"learn":[10.89131461],"iteration":134,"passed_time":0.7645239311,"remaining_time":0.934418138},
{"learn":[10.870551],"iteration":135,"passed_time":0.7697506514,"remaining_time":0.9282287267},
{"learn":[10.85129178],"iteration":136,"passed_time":0.7752904266,"remaining_time":0.9224258361},
{"learn":[10.82693977],"iteration":137,"passed_time":0.7807846739,"remaining_time":0.9165733128},
{"learn":[10.80269928],"iteration":138,"passed_time":0.7864901293,"remaining_time":0.9109705814},
{"learn":[10.77810204],"iteration":139,"passed_time":0.7923873553,"remaining_time":0.9055855489},
{"learn":[10.75856946],"iteration":140,"passed_time":0.7979248561,"remaining_time":0.8997876037},
{"learn":[10.74358864],"iteration":141,"passed_time":0.8042402607,"remaining_time":0.8948588816},
{"learn":[10.71942843],"iteration":142,"passed_time":0.8100362658,"remaining_time":0.8893405156},
{"learn":[10.70395389],"iteration":143,"passed_time":0.8148947144,"remaining_time":0.8828026073},
{"learn":[10.68543721],"iteration":144,"passed_time":0.8208508242,"remaining_time":0.8774612259},
{"learn":[10.66830787],"iteration":145,"passed_time":0.8255183687,"remaining_time":0.8707522519},
{"learn":[10.65270317],"iteration":146,"passed_time":0.8306268905,"remaining_time":0.8645300289},
{"learn":[10.63556208],"iteration":147,"passed_time":0.8359086071,"remaining_time":0.8585007316},
{"learn":[10.61856815],"iteration":148,"passed_time":0.8416119885,"remaining_time":0.8529087937},
{"learn":[10.5947629],"iteration":149,"passed_time":0.8474458821,"remaining_time":0.8474458821},
{"learn":[10.57492064],"iteration":150,"passed_time":0.8526009539,"remaining_time":0.841308226},
{"learn":[10.55982463],"iteration":151,"passed_time":0.8576006211,"remaining_time":0.8350321837},
{"learn":[10.54266499],"iteration":152,"passed_time":0.86253686,"remaining_time":0.8287118851},
{"learn":[10.51984608],"iteration":153,"passed_time":0.8674424197,"remaining_time":0.8223804758},
{"learn":[10.50609759],"iteration":154,"passed_time":0.8718030759,"remaining_time":0.8155577162},
{"learn":[10.4867343],"iteration":155,"passed_time":0.8776485919,"remaining_time":0.8101371618},
{"learn":[10.47084774],"iteration":156,"passed_time":0.8823686732,"remaining_time":0.8036861163},
{"learn":[10.45694251],"iteration":157,"passed_time":0.8873424699,"remaining_time":0.7974850046},
{"learn":[10.43848645],"iteration":158,"passed_time":0.892297405,"remaining_time":0.7912826044},
{"learn":[10.4206838],"iteration":159,"passed_time":0.897704053,"remaining_time":0.7854910464},
{"learn":[10.40227955],"iteration":160,"passed_time":0.9029520291,"remaining_time":0.7795672798},
{"learn":[10.38515584],"iteration":161,"passed_time":0.9083705801,"remaining_time":0.7737971608},
{"learn":[10.36968813],"iteration":162,"passed_time":0.9138177463,"remaining_time":0.7680554064},
{"learn":[10.35197393],"iteration":163,"passed_time":0.9189376302,"remaining_time":0.7620458396},
{"learn":[10.3319082],"iteration":164,"passed_time":0.9243627939,"remaining_time":0.7562968314},
{"learn":[10.31834186],"iteration":165,"passed_time":0.9294105183,"remaining_time":0.7502470449},
{"learn":[10.30724993],"iteration":166,"passed_time":0.9347667188,"remaining_time":0.7444549317},
{"learn":[10.29274404],"iteration":167,"passed_time":0.9400318633,"remaining_time":0.738596464},
{"learn":[10.27687093],"iteration":168,"passed_time":0.9457031126,"remaining_time":0.7330598092},
{"learn":[10.26246558],"iteration":169,"passed_time":0.9510964749,"remaining_time":0.727309069},
{"learn":[10.24095659],"iteration":170,"passed_time":0.956195779,"remaining_time":0.7213406754},
{"learn":[10.2299752],"iteration":171,"passed_time":0.96096233,"remaining_time":0.7151347572},
{"learn":[10.21729554],"iteration":172,"passed_time":0.965745443,"remaining_time":0.7089576374},
{"learn":[10.20441388],"iteration":173,"passed_time":0.9717823189,"remaining_time":0.7037044378},
{"learn":[10.19583827],"iteration":174,"passed_time":0.9763444449,"remaining_time":0.6973888892},
{"learn":[10.18396408],"iteration":175,"passed_time":0.9816099501,"remaining_time":0.6915888285},
{"learn":[10.17210244],"iteration":176,"passed_time":0.9873447823,"remaining_time":0.6861209504},
{"learn":[10.15932439],"iteration":177,"passed_time":0.9925351222,"remaining_time":0.6802768815},
{"learn":[10.14459128],"iteration":178,"passed_time":0.9973394663,"remaining_time":0.6741791923},
{"learn":[10.12750082],"iteration":179,"passed_time":1.002925531,"remaining_time":0.6686170207},
{"learn":[10.11505882],"iteration":180,"passed_time":1.008905327,"remaining_time":0.663313447},
{"learn":[10.10299488],"iteration":181,"passed_time":1.013245133,"remaining_time":0.6569391524},
{"learn":[10.09388541],"iteration":182,"passed_time":1.018297106,"remaining_time":0.651042412},
{"learn":[10.08783132],"iteration":183,"passed_time":1.022880543,"remaining_time":0.6448594728},
{"learn":[10.07610269],"iteration":184,"passed_time":1.028262087,"remaining_time":0.6391899462},
{"learn":[10.06159763],"iteration":185,"passed_time":1.033445754,"remaining_time":0.6334022366},
{"learn":[10.04514596],"iteration":186,"passed_time":1.038231132,"remaining_time":0.6273803096},
{"learn":[10.0338777],"iteration":187,"passed_time":1.043642955,"remaining_time":0.6217447389},
{"learn":[10.01789615],"iteration":188,"passed_time":1.048771255,"remaining_time":0.6159450226},
{"learn":[10.00547647],"iteration":189,"passed_time":1.053745717,"remaining_time":0.6100633101},
{"learn":[9.994422402],"iteration":190,"passed_time":1.058663681,"remaining_time":0.6041588547},
{"learn":[9.985719776],"iteration":191,"passed_time":1.063738929,"remaining_time":0.5983531474},
{"learn":[9.977372227],"iteration":192,"passed_time":1.068917306,"remaining_time":0.5926121849},
{"learn":[9.967015092],"iteration":193,"passed_time":1.073699948,"remaining_time":0.5866607961},
{"learn":[9.954041649],"iteration":194,"passed_time":1.07912979,"remaining_time":0.5810698872},
{"learn":[9.940831461],"iteration":195,"passed_time":1.083920969,"remaining_time":0.5751417387},
{"learn":[9.930366415],"iteration":196,"passed_time":1.089141367,"remaining_time":0.5694495473},
{"learn":[9.920768332],"iteration":197,"passed_time":1.094093938,"remaining_time":0.5636241497},
{"learn":[9.90950371],"iteration":198,"passed_time":1.100093832,"remaining_time":0.5583390806},
{"learn":[9.893799912],"iteration":199,"passed_time":1.105688874,"remaining_time":0.552844437},
{"learn":[9.884609764],"iteration":200,"passed_time":1.110647206,"remaining_time":0.5470351909},
{"learn":[9.874608569],"iteration":201,"passed_time":1.115891019,"remaining_time":0.5413728706},
{"learn":[9.864572833],"iteration":202,"passed_time":1.12106657,"remaining_time":0.5356820558},
{"learn":[9.853050643],"iteration":203,"passed_time":1.126668385,"remaining_time":0.5301968873},
{"learn":[9.8432471],"iteration":204,"passed_time":1.131387034,"remaining_time":0.5243013084},
{"learn":[9.83004617],"iteration":205,"passed_time":1.136592223,"remaining_time":0.5186391695},
{"learn":[9.818385628],"iteration":206,"passed_time":1.141886984,"remaining_time":0.5130216886},
{"learn":[9.805368319],"iteration":207,"passed_time":1.146737247,"remaining_time":0.5072107055},
{"learn":[9.794523294],"iteration":208,"passed_time":1.152289066,"remaining_time":0.5017143779},
{"learn":[9.784951539],"iteration":209,"passed_time":1.157673611,"remaining_time":0.4961458333},
{"learn":[9.770481188],"iteration":210,"passed_time":1.162758347,"remaining_time":0.4904525728},
{"learn":[9.757924716],"iteration":211,"passed_time":1.168275448,"remaining_time":0.4849445257},
{"learn":[9.755769458],"iteration":212,"passed_time":1.170180294,"remaining_time":0.4779609654},
{"learn":[9.746278966],"iteration":213,"passed_time":1.174880307,"remaining_time":0.4721481607},
{"learn":[9.735210035],"iteration":214,"passed_time":1.179918403,"remaining_time":0.4664793685},
{"learn":[9.719325487],"iteration":215,"passed_time":1.184969438,"remaining_time":0.4608214482},
{"learn":[9.71207631],"iteration":216,"passed_time":1.189919239,"remaining_time":0.4551304},
{"learn":[9.703131718],"iteration":217,"passed_time":1.195110691,"remaining_time":0.4495370488},
{"learn":[9.687988201],"iteration":218,"passed_time":1.200734969,"remaining_time":0.4441074544},
{"learn":[9.678787908],"iteration":219,"passed_time":1.206018715,"remaining_time":0.4385522598},
{"learn":[9.67092482],"iteration":220,"passed_time":1.212990362,"remaining_time":0.4336028896},
{"learn":[9.661718181],"iteration":221,"passed_time":1.218230779,"remaining_time":0.4280270304},
{"learn":[9.652453569],"iteration":222,"passed_time":1.223520431,"remaining_time":0.4224711801},
{"learn":[9.645676293],"iteration":223,"passed_time":1.229189345,"remaining_time":0.417046385},
{"learn":[9.63514146],"iteration":224,"passed_time":1.235195191,"remaining_time":0.4117317304},
{"learn":[9.626140168],"iteration":225,"passed_time":1.240852263,"remaining_time":0.4062967587},
{"learn":[9.617957651],"iteration":226,"passed_time":1.247353952,"remaining_time":0.4011314471},
{"learn":[9.610376606],"iteration":227,"passed_time":1.254261741,"remaining_time":0.396082655},
{"learn":[9.598782829],"iteration":228,"passed_time":1.259711412,"remaining_time":0.3905655469},
{"learn":[9.590246864],"iteration":229,"passed_time":1.265438094,"remaining_time":0.3851333328},
{"learn":[9.581688935],"iteration":230,"passed_time":1.271302661,"remaining_time":0.379739756},
{"learn":[9.573781388],"iteration":231,"passed_time":1.276375324,"remaining_time":0.3741100087},
{"learn":[9.564195115],"iteration":232,"passed_time":1.281929537,"remaining_time":0.3686235149},
{"learn":[9.556978776],"iteration":233,"passed_time":1.286803325,"remaining_time":0.3629445276},
{"learn":[9.544147532],"iteration":234,"passed_time":1.293590621,"remaining_time":0.3578016612},
{"learn":[9.53570252],"iteration":235,"passed_time":1.300269908,"remaining_time":0.3526155684},
{"learn":[9.526229709],"iteration":236,"passed_time":1.305872846,"remaining_time":0.3471307565},
{"learn":[9.518580392],"iteration":237,"passed_time":1.31144846,"remaining_time":0.3416378342},
{"learn":[9.510934466],"iteration":238,"passed_time":1.31708377,"remaining_time":0.336159456},
{"learn":[9.502198836],"iteration":239,"passed_time":1.322732857,"remaining_time":0.3306832141},
{"learn":[9.49374672],"iteration":240,"passed_time":1.328821272,"remaining_time":0.3253130915},
{"learn":[9.48371577],"iteration":241,"passed_time":1.333577333,"remaining_time":0.3196177078},
{"learn":[9.474289032],"iteration":242,"passed_time":1.339026834,"remaining_time":0.314092714},
{"learn":[9.464684853],"iteration":243,"passed_time":1.344629415,"remaining_time":0.3086034724},
{"learn":[9.458684574],"iteration":244,"passed_time":1.350026976,"remaining_time":0.3030672803},
{"learn":[9.449237387],"iteration":245,"passed_time":1.355582521,"remaining_time":0.297566895},
{"learn":[9.437911156],"iteration":246,"passed_time":1.361331967,"remaining_time":0.292107669},
{"learn":[9.428357464],"iteration":247,"passed_time":1.366743975,"remaining_time":0.2865753496},
{"learn":[9.418787248],"iteration":248,"passed_time":1.372084956,"remaining_time":0.2810294488},
{"learn":[9.41297418],"iteration":249,"passed_time":1.376993732,"remaining_time":0.2753987464},
{"learn":[9.401467582],"iteration":250,"passed_time":1.382246848,"remaining_time":0.2698410182},
{"learn":[9.394853731],"iteration":251,"passed_time":1.386838782,"remaining_time":0.264159768},
{"learn":[9.387791355],"iteration":252,"passed_time":1.392309929,"remaining_time":0.2586504612},
{"learn":[9.379552182],"iteration":253,"passed_time":1.397763674,"remaining_time":0.2531383031},
{"learn":[9.376197717],"iteration":254,"passed_time":1.403520213,"remaining_time":0.2476800375},
{"learn":[9.367086185],"iteration":255,"passed_time":1.409477454,"remaining_time":0.2422539375},
{"learn":[9.358257409],"iteration":256,"passed_time":1.414485743,"remaining_time":0.2366649297},
{"learn":[9.348138258],"iteration":257,"passed_time":1.420066898,"remaining_time":0.231173681},
{"learn":[9.337913043],"iteration":258,"passed_time":1.426059884,"remaining_time":0.2257469314},
{"learn":[9.328855329],"iteration":259,"passed_time":1.43125624,"remaining_time":0.2201932678},
{"learn":[9.322100893],"iteration":260,"passed_time":1.436606419,"remaining_time":0.214665327},
{"learn":[9.316923624],"iteration":261,"passed_time":1.442111248,"remaining_time":0.2091611733},
{"learn":[9.308441978],"iteration":262,"passed_time":1.447929711,"remaining_time":0.2037011381},
{"learn":[9.297626996],"iteration":263,"passed_time":1.45393492,"remaining_time":0.1982638528},
{"learn":[9.294173186],"iteration":264,"passed_time":1.458377706,"remaining_time":0.1926159234},
{"learn":[9.286148981],"iteration":265,"passed_time":1.463272635,"remaining_time":0.187034848},
{"learn":[9.278557135],"iteration":266,"passed_time":1.468626907,"remaining_time":0.1815156851},
{"learn":[9.27177286],"iteration":267,"passed_time":1.473107665,"remaining_time":0.1758934526},
{"learn":[9.259741951],"iteration":268,"passed_time":1.478928128,"remaining_time":0.1704340965},
{"learn":[9.253409954],"iteration":269,"passed_time":1.48411422,"remaining_time":0.16490158},
{"learn":[9.244831108],"iteration":270,"passed_time":1.489740428,"remaining_time":0.1594187173},
{"learn":[9.236146058],"iteration":271,"passed_time":1.495226704,"remaining_time":0.153920396},
{"learn":[9.225366537],"iteration":272,"passed_time":1.499863354,"remaining_time":0.1483381339},
{"learn":[9.209935444],"iteration":273,"passed_time":1.505413098,"remaining_time":0.1428494181},
{"learn":[9.200392044],"iteration":274,"passed_time":1.510965648,"remaining_time":0.1373605135},
{"learn":[9.193482456],"iteration":275,"passed_time":1.51643647,"remaining_time":0.1318640409},
{"learn":[9.189751535],"iteration":276,"passed_time":1.521483468,"remaining_time":0.1263325624},
{"learn":[9.178430973],"iteration":277,"passed_time":1.526576961,"remaining_time":0.1208082487},
{"learn":[9.172542529],"iteration":278,"passed_time":1.532835305,"remaining_time":0.1153747004},
{"learn":[9.164833504],"iteration":279,"passed_time":1.538678036,"remaining_time":0.109905574},
{"learn":[9.156924762],"iteration":280,"passed_time":1.543324355,"remaining_time":0.1043528923},
{"learn":[9.14888473],"iteration":281,"passed_time":1.549693583,"remaining_time":0.09891661168},
{"learn":[9.137557933],"iteration":282,"passed_time":1.555419408,"remaining_time":0.0934350881},
{"learn":[9.130937134],"iteration":283,"passed_time":1.560449905,"remaining_time":0.08791267068},
{"learn":[9.125196373],"iteration":284,"passed_time":1.566788868,"remaining_time":0.08246257202},
{"learn":[9.119126082],"iteration":285,"passed_time":1.571750306,"remaining_time":0.07693882617},
{"learn":[9.111406508],"iteration":286,"passed_time":1.577381448,"remaining_time":0.07144933387},
{"learn":[9.106448681],"iteration":287,"passed_time":1.583412783,"remaining_time":0.06597553262},
{"learn":[9.099161696],"iteration":288,"passed_time":1.588907201,"remaining_time":0.0604774367},
{"learn":[9.094943417],"iteration":289,"passed_time":1.595812535,"remaining_time":0.05502801844},
{"learn":[9.086096525],"iteration":290,"passed_time":1.601206989,"remaining_time":0.04952186564},
{"learn":[9.076768686],"iteration":291,"passed_time":1.606471628,"remaining_time":0.04401292131},
{"learn":[9.06459332],"iteration":292,"passed_time":1.613399349,"remaining_time":0.03854537695},
{"learn":[9.059610466],"iteration":293,"passed_time":1.618602644,"remaining_time":0.03303270703},
{"learn":[9.050789043],"iteration":294,"passed_time":1.624629767,"remaining_time":0.02753609774},
{"learn":[9.044655971],"iteration":295,"passed_time":1.629869882,"remaining_time":0.02202526868},
{"learn":[9.037201087],"iteration":296,"passed_time":1.635337158,"remaining_time":0.01651855715},
{"learn":[9.029943563],"iteration":297,"passed_time":1.641878073,"remaining_time":0.01101931593},
{"learn":[9.021804305],"iteration":298,"passed_time":1.647115073,"remaining_time":0.005508746064},
{"learn":[9.018040642],"iteration":299,"passed_time":1.651338445,"remaining_time":0}
]}